image,timestamp
frame69.jpg,11:13:35
frame4.jpg,11:17:32
C:\Users\bouzi\Desktop\Github\Security-System-Raspberry-Project\app\front\src\data\frame5.jpg,11:23:02
C:/Users/bouzi/Desktop/Github/Security-System-Raspberry-Project/app/front/src/data/frame4.jpg,11:27:35
http://127.0.0.1:8080/frame54.jpg,11:32:48
http://127.0.0.1:8080/frame26.jpg,11:35:02
http://127.0.0.1:8080/frame45.jpg,11:40:34
http://127.0.0.1:8080/frame75.jpg,11:49:52
http://127.0.0.1:8080/frame26.jpg,11:56:13
http://127.0.0.1:8080/frame44.jpg,12:01:41
http://127.0.0.1:8080/frame37.jpg,12:18:17
http://127.0.0.1:8080/frame12.jpg,12:22:04
http://127.0.0.1:8080/frame43.jpg,12:28:08
http://127.0.0.1:8080/frame65.jpg,12:35:38
http://127.0.0.1:8080/frame90.jpg,12:36:36
http://127.0.0.1:8080/frame65.jpg,12:38:41
http://127.0.0.1:8080/frame52.jpg,12:45:49
http://127.0.0.1:8080/frame31.jpg,12:46:57
http://127.0.0.1:8080/frame39.jpg,12:50:10
http://127.0.0.1:8080/frame60.jpg,12:50:54
http://127.0.0.1:8080/frame13.jpg,12:51:23
http://127.0.0.1:8080/frame95.jpg,12:52:03
http://127.0.0.1:8080/frame41.jpg,12:53:00
http://127.0.0.1:8080/frame81.jpg,12:54:54
http://127.0.0.1:8080/frame25.jpg,12:55:41
http://127.0.0.1:8080/frame6.jpg,12:56:17
http://127.0.0.1:8080/frame54.jpg,12:59:59
http://127.0.0.1:8080/frame74.jpg,13:02:33
http://127.0.0.1:8080/frame26.jpg,13:02:57
http://127.0.0.1:8080/frame57.jpg,13:04:41
http://127.0.0.1:8080/frame42.jpg,13:05:47
http://127.0.0.1:8080/frame36.jpg,14:02:14
http://127.0.0.1:8080/frame1646.jpg,14:57:15
http://127.0.0.1:8080/frame3272.jpg,14:57:52
http://127.0.0.1:8080/frame3696.jpg,15:01:23
http://127.0.0.1:8080/frame1076.jpg,15:06:58
http://127.0.0.1:8080/frame3329.jpg,15:08:30
http://127.0.0.1:8080/frame1231.jpg,15:08:55
http://127.0.0.1:8080/frame428.jpg,15:09:43
http://127.0.0.1:8080/frame3562.jpg,15:09:59
http://127.0.0.1:8080/frame529.jpg,15:10:17
http://127.0.0.1:8080/frame4311.jpg,15:10:42
http://127.0.0.1:8080/frame2210.jpg,15:11:35
http://127.0.0.1:8080/frame3296.jpg,15:19:01
http://127.0.0.1:8080/frame3030.jpg,15:19:49
http://127.0.0.1:8080/frame4504.jpg,15:20:08
http://127.0.0.1:8080/frame1668.jpg,15:22:09
http://127.0.0.1:8080/frame3510.jpg,15:25:22
http://127.0.0.1:8080/frame4871.jpg,15:26:18
http://127.0.0.1:8080/frame894.jpg,15:45:11
http://127.0.0.1:8080/frame4159.jpg,15:45:36
http://127.0.0.1:8080/frame702.jpg,15:47:12
http://127.0.0.1:8080/frame2874.jpg,15:47:36
http://127.0.0.1:8080/frame4925.jpg,15:48:22
http://127.0.0.1:8080/frame46.jpg,15:48:59
http://127.0.0.1:8080/frame4799.jpg,15:49:49
http://127.0.0.1:8080/frame246.jpg,15:50:40
